{
    "loss": 0.9466958045959473,
    "accuracy": 0.5467625856399536
}