{
    "loss": 0.8259515166282654,
    "accuracy": 0.6140939593315125
}